time,description,location
2017-01-26 14:36,"Free Minifridge, Deepfreezer, Bar Stools",/zip/5976786861.html
2017-01-26 14:23,"Free TVs 27"", 20"", 14"" console",/zip/5970946738.html
2017-01-26 13:42,FREE Furniture! Entertainment Center / Bookcase,/zip/5976704609.html
2017-01-26 13:11,TimeShare - Grand Timber Lodge - Breckenridge,/zip/5976654808.html
2017-01-26 13:00,2 Dog Houses  (Greeley),/zip/5976635778.html
2017-01-26 12:53,Comfortable Recliner,/zip/5962407190.html
2017-01-26 12:53,FREE QUEEN BOX SPRING,/zip/5976624979.html
2017-01-26 12:53,Free sectional couch,/zip/5976624754.html
2017-01-26 11:43,*** Webpage Design Free ***,/zip/5976378516.html
2017-01-26 09:52,Two TVs and HealthRider Exerciser,/zip/5976313260.html
2017-01-26 09:27,Free stuff ! Curb alert ! Free stuff,/zip/5976269534.html
2017-01-26 09:05,Furniture,/zip/5976233373.html
2017-01-26 09:01,big screen tv,/zip/5967747314.html
2017-01-26 08:45,"""PENDING""   Free Lights, Garland, Ball's ""Ort""",/zip/5976200998.html
2017-01-26 08:32,Aluminum cans,/zip/5976163719.html
2017-01-26 07:40,Used deep cycle/Marine Battery wanted,/zip/5976104674.html
2017-01-26 05:54,Free Bagged Horse Manure Compost,/zip/5969801097.html
2017-01-25 22:40,Free Pallet,/zip/5940132451.html
2017-01-25 19:45,Over The Hill fun stuff,/zip/5975707753.html
2017-01-25 18:59,2 Kodak Printers- Free,/zip/5975662817.html
2017-01-25 18:11,Couch,/zip/5975613323.html
2017-01-25 16:45,Strings and hooks,/zip/5975512960.html
2017-01-25 16:40,24 inch Sony Trinitron + DVD,/zip/5975506864.html
2017-01-25 16:39,Free Weathered Project Wood,/zip/5975505032.html
2017-01-25 16:23,Free Philips TV,/zip/5975485248.html
2017-01-25 16:06,6 chairs in need of their forever home,/zip/5975461981.html
2017-01-25 15:53,"Stereo, 2 computer monitors, chair, fan, printer",/zip/5975444464.html
2017-01-25 15:02,free GE DRYER,/zip/5975372669.html
2017-01-25 14:37,Garland and decorations,/zip/5975334901.html
2017-01-25 14:24,Free Vintage Upright Piano,/zip/5975315189.html
2017-01-25 12:24,Hot tub,/zip/5975124033.html
2017-01-25 11:42,Upright piano (player),/zip/5975052564.html
2017-01-25 11:30,Accu-chek lancets,/zip/5975030802.html
2017-01-25 10:35,Free BBQ,/zip/5974934785.html
2017-01-25 10:23,Free dirt bring truck or trailer and I will load,/zip/5974913619.html
2017-01-25 10:18,Sofa and loveseat,/zip/5974904420.html
2017-01-25 09:04,Heavy duty pallet & galvanized metal,/zip/5974754622.html
2017-01-25 08:52,CalSpa Hot Tub - Works Great - Couple of leaks-Free - You Take it Away,/zip/5949366892.html
2017-01-25 08:24,FREE FILL DIRT,/zip/5949260372.html
2017-01-25 07:37,curb alert freee,/zip/5974644761.html
2017-01-25 07:20,Free Little Tykes sand & water table,/zip/5974623132.html
2017-01-24 23:37,Mid Century BED,/zip/5974398399.html
2017-01-24 19:52,LARGE TRUCK LOAD OF HORSE MANUER FERTILIZER MOSTLY AGED FREE,/zip/5940299192.html
2017-01-24 17:22,Free full size boxspring and mattress,/zip/5973728473.html
2017-01-24 16:36,Free,/zip/5974023365.html
2017-01-24 14:45,Free Moving boxes,/zip/5973866093.html
2017-01-24 13:57,"Free Sharp 26"" television",/zip/5973788653.html
2017-01-24 12:33,Free couchs,/zip/5973645809.html
2017-01-24 09:39,Free white bench,/zip/5973332772.html
2017-01-24 09:14,Free Firewood,/zip/5973286339.html
2017-01-24 09:13,Free Wood chips/Animal bedding,/zip/5973285513.html
2017-01-24 08:29,Harley floorboard bracket,/zip/5973211015.html
2017-01-24 07:13,2 Male Cats,/zip/5973106155.html
2017-01-23 20:10,Free loveseat,/zip/5972757686.html
2017-01-23 19:59,Free chair,/zip/5942742303.html
2017-01-23 19:10,Garage shelves,/zip/5972698558.html
2017-01-23 18:25,UPDATED-Start your compost pile now / Free horse manure,/zip/5954470440.html
2017-01-23 14:16,Free pool table,/zip/5972305293.html
2017-01-23 14:07,Free tvs electronics,/zip/5972289733.html
2017-01-23 14:06,Curb Alert,/zip/5972288253.html
2017-01-23 13:41,Free Sony Energy Star T.V.,/zip/5972248388.html
2017-01-23 11:05,BUS SEATS,/zip/5971961018.html
2017-01-23 02:27,curb alert freee,/zip/5971408360.html
2017-01-23 00:38,"Packing materials: peanuts, bubble wrap, etc.",/zip/5971377421.html
2017-01-23 00:06,"Sofa, desk, TV table, ottoman, chairs.",/zip/5971366502.html
2017-01-22 23:43,Firewood-Dead tree,/zip/5962774539.html
2017-01-22 19:44,Free DLP tv,/zip/5971197032.html
2017-01-22 19:40,Harley-Davidson Touring Backrest and Luggage Rack,/zip/5938537794.html
2017-01-22 16:10,freee,/zip/5970968248.html
2017-01-22 15:44,Free lumber scrap firewood,/zip/5970935481.html
2017-01-22 15:29,queen size box spring,/zip/5968948877.html
2017-01-22 14:58,Cat looking for a new home,/zip/5970873606.html
2017-01-22 13:18,Free chair,/zip/5970730549.html
2017-01-22 13:17,"FREE 48"" Mitsubishi Big screen projection tv",/zip/5970729556.html
2017-01-22 12:55,84-95 Jeep Cherokee fender flare,/zip/5970696708.html
2017-01-22 12:16,Free beds,/zip/5970636026.html
2017-01-22 11:01,MALE PUPPY FOUND IN GREELEY,/zip/5970517332.html
2017-01-22 09:55,"37"" Sony TV flat screen (not LED)",/zip/5959109667.html
2017-01-22 08:52,"27"" JVC  TV with remote",/zip/5958909390.html
2017-01-21 21:41,Tail pipe for Nissan v,/zip/5969969558.html
2017-01-21 20:01,Free projection tv,/zip/5969893930.html
2017-01-21 19:25,Free TV,/zip/5969688208.html
2017-01-21 18:49,Free moving boxes,/zip/5969828297.html
2017-01-21 16:55,free stuff,/zip/5969705894.html
2017-01-21 15:54,FREE ROCKING RECLINER LAZBOY,/zip/5969631482.html
2017-01-21 15:22,Free office chair,/zip/5969581905.html
2017-01-21 15:09,Large TV,/zip/5969570482.html
2017-01-21 15:08,oversize chair,/zip/5969568988.html
2017-01-21 12:31,Free scrap metal. Trailer load,/zip/5969328752.html
2017-01-21 12:24,"GE 32"" Television",/zip/5969315642.html
2017-01-21 12:21,free  Chicken or Rabbit  coop,/zip/5969311966.html
2017-01-21 12:01,"Sony 27"" TV",/zip/5969278061.html
2017-01-21 10:57,Free couches,/zip/5969166622.html
2017-01-21 10:55,FREE STUFF!,/zip/5969163484.html
2017-01-21 10:22,Free Full Size loft bed frame,/zip/5969105064.html
2017-01-21 09:36,Insignia television,/zip/5936840376.html
2017-01-21 06:47,Mitsubishi color television,/zip/5968791565.html
2017-01-20 21:39,Free stroller,/zip/5968517052.html
2017-01-20 15:20,curb alert,/zip/5968135038.html
2017-01-20 14:59,Free TV's and Computer Monitors *Free*,/zip/5968104327.html
2017-01-20 13:15,Free Egg Cartons,/zip/5967943240.html
2017-01-20 02:17,box springs,/zip/5967219552.html
2017-01-19 17:29,Moss green sofa,/zip/5966874225.html
2017-01-19 15:56,Hot tub chlorine,/zip/5966757109.html
2017-01-19 15:45,Like SAVING MONEY?? Sign up for a FREE home assessment!,/zip/5966729792.html
2017-01-19 15:43,Curb/front of garage alert,/zip/5966739838.html
2017-01-19 13:48,Couch,/zip/5942219666.html
2017-01-19 13:34,"Free 11' Pallet  come pick it up, or I'll deliver it for a small fee.",/zip/5966538574.html
2017-01-19 13:27,Back and neck brace,/zip/5966526231.html
2017-01-19 09:58,Free Couch,/zip/5966164625.html
2017-01-19 09:58,FREE chair,/zip/5966163997.html
2017-01-19 09:56,2 free TVs,/zip/5966160192.html
2017-01-18 21:32,Wood pallets,/zip/5965639571.html
2017-01-18 19:12,free Lazyboy recliner loveseat,/zip/5965521478.html
2017-01-18 16:01,Free Pallets,/zip/5965297805.html
2017-01-18 09:28,Free Wood Pallets,/zip/5964649325.html
2017-01-18 08:52,Free corn feed,/zip/5960718376.html
2017-01-18 02:01,Scrap wood,/zip/5964292486.html
2017-01-17 13:09,"Vhs tapes, small tv with Vhs player",/zip/5963559674.html
2017-01-17 13:08,"Grill, dishwasher",/zip/5963557580.html
2017-01-17 12:47,American standard toilets,/zip/5963523321.html
2017-01-17 12:40,Free Sony TV,/zip/5963512013.html
2017-01-17 08:42,headbord,/zip/5963076048.html
2017-01-17 08:12,Free Sofa (& office chair),/zip/5963044441.html
2017-01-17 06:28,Free Aikido Martial Art Class,/zip/5962919834.html
2017-01-17 02:32,Free projection tv,/zip/5962818000.html
2017-01-16 20:40,Wooden Chair,/zip/5962648710.html
2017-01-16 19:55,free curb alert great things!!,/zip/5962607980.html
2017-01-16 19:09,Christmas Lights,/zip/5962561614.html
2017-01-16 17:03,Free couch,/zip/5955506105.html
2017-01-16 16:29,Life 102 Lab Notebook,/zip/5962363086.html
2017-01-16 16:29,Lab Goggles & Student Lab Notebook,/zip/5962362839.html
2017-01-16 16:14,Free: Wine shipping/moving boxes,/zip/5962342242.html
2017-01-16 15:21,Free reclining lazy boy couch,/zip/5962262702.html
2017-01-16 14:09,Free Dresser mirror,/zip/5962142340.html
2017-01-16 13:45,"Free Sony Trinitron - old style, work great.",/zip/5949729590.html
2017-01-16 13:36,curb alert,/zip/5962085918.html
2017-01-16 11:50,Hoover Vacuum Filter,/zip/5937587081.html
2017-01-16 10:17,70's floral orange sofa in great shape!!,/zip/5961708538.html
2017-01-16 09:27,2 Hens FREE,/zip/5961614267.html
2017-01-16 06:41,Lost stiff,/zip/5961375039.html
2017-01-15 23:12,Office/garage desk with wheels,/zip/5961203017.html
2017-01-15 21:56,two free refrigerators for scrap,/zip/5961160564.html
2017-01-15 20:41,Kids Items,/zip/5961107502.html
2017-01-15 15:41,"20"" TV",/zip/5960804243.html
2017-01-15 14:23,Kitchen Cabinets,/zip/5960703421.html
2017-01-15 13:46,Free recliner,/zip/5960652960.html
2017-01-15 13:35,Ciroc party kit,/zip/5950924114.html
2017-01-15 12:19,Chandelier,/zip/5960529888.html
2017-01-15 12:03,*curb alert* free fouton frame and coffee table,/zip/5960506234.html
2017-01-15 11:15,Baskets,/zip/5942740547.html
2017-01-15 10:36,Tv,/zip/5960380927.html
2017-01-15 09:52,Love seat FREE,/zip/5960319410.html
2017-01-14 19:06,Misc.  Items,/zip/5959797178.html
2017-01-14 18:39,Free items,/zip/5959771767.html
2017-01-14 16:04,Free feed bags,/zip/5959605604.html
2017-01-14 15:36,Brass Light Fixture,/zip/5959569830.html
2017-01-14 13:37,Free boxes,/zip/5959399960.html
2017-01-14 13:27,Couch/Tapestry in Excellent Condition,/zip/5959384757.html
2017-01-14 12:46,"free couch, chair",/zip/5959319689.html
2017-01-14 11:59,Free lumber,/zip/5959241555.html
2017-01-14 07:34,Free working TV,/zip/5942003838.html
2017-01-13 15:28,Free Sofa,/zip/5958185083.html
2017-01-13 13:08,FREE WOOD PALLETS,/zip/5929000601.html
2017-01-13 11:30,I got plant poles,/zip/5957802463.html
2017-01-12 18:38,Free Couch,/zip/5948024479.html
2017-01-12 05:11,Organ,/zip/5955877522.html
2017-01-12 00:29,elementary statistics 8th edition bluman for introduction to statistic,/zip/5955792315.html
2017-01-11 21:42,Free chair,/zip/5955712313.html
2017-01-11 10:03,Chairs and file cabinet,/zip/5954803648.html
2017-01-11 08:40,TV cabinets,/zip/5954667306.html
2017-01-11 08:30,FREE recliner,/zip/5954651395.html
2017-01-10 22:27,"Dressers, tv,",/zip/5954308348.html
2017-01-10 13:39,Free Moving boxes,/zip/5953738581.html
2017-01-10 13:13,free scrap dishwasher,/zip/5953695799.html
2017-01-10 11:21,FREE - 2 LARGE strong boxes,/zip/5953507801.html
2017-01-10 09:57,Custom enclosure,/zip/5953359304.html
2017-01-09 21:07,mattresses,/zip/5946072549.html
2017-01-09 15:33,free,/zip/5952475149.html
2017-01-09 12:50,Free Twin Mattress,/zip/5952215492.html
2017-01-09 12:12,Free boxes,/zip/5952148934.html
2017-01-09 11:27,Love seat Recliners,/zip/5922601702.html
2017-01-09 11:15,Free Desk - Metal with composite board top,/zip/5952048730.html
2017-01-09 09:28,Free loveseat and chair,/zip/5951857533.html
2017-01-08 19:06,VHS/DVD combo player,/zip/5947349764.html
2017-01-08 17:20,Boys undies and socks.,/zip/5937479947.html
2017-01-08 16:58,Free... kenmore shelves women's clothes.. misc!,/zip/5951148324.html
2017-01-08 13:27,Oak Entertainment Center,/zip/5950898834.html
2017-01-08 12:20,Free nice desk!,/zip/5950804381.html
2017-01-08 12:03,ISO small computer chair,/zip/5950781481.html
2017-01-08 11:38,Free kitchen sink,/zip/5950745737.html
2017-01-08 10:26,FREE 2 sets of Full Size Boxsprings and Mattresses,/zip/5950569923.html
2017-01-08 08:44,Globe Light Fixture,/zip/5915619124.html
2017-01-08 02:13,free curb alert,/zip/5950323890.html
2017-01-07 20:57,Looking for compact washing machine and a cell phone,/zip/5950187437.html
2017-01-07 13:04,free leather chair,/zip/5949669917.html
2017-01-07 12:34,Sectional couch pieces,/zip/5949622529.html
2017-01-06 20:02,USE AS WEIGHT IN PICKUP FOR TRACTION,/zip/5918395725.html
2017-01-06 12:38,Free Concrete Rip-Rap,/zip/5948298712.html
2017-01-06 11:15,Truck rims,/zip/5948157159.html
2017-01-05 17:15,Cycle Magazines,/zip/5947274097.html
2017-01-05 11:57,"rv queen mattress, sliding screen door",/zip/5946802992.html
2017-01-04 21:23,Free black pleather loveseat,/zip/5926375644.html
2017-01-04 13:55,2 Free Box Springs!,/zip/5945536984.html
2017-01-04 13:55,Free Moving Boxes,/zip/5945536251.html
2017-01-04 09:51,Panasonic T.V. -Great for Video Games,/zip/5945102904.html
2017-01-03 17:01,ISO Chicken wire,/zip/5944308682.html
2017-01-03 09:26,Upper and Lower Cabinets and Counter Top,/zip/5943557630.html
2017-01-02 20:04,couch,/zip/5943011817.html
2017-01-02 17:07,Free couch,/zip/5942815942.html
2017-01-02 16:35,Free Large Dining Table,/zip/5942773698.html
2017-01-02 15:59,Free Christmas lights several brand new in boxes,/zip/5942723070.html
2017-01-02 14:58,Free matching coaches,/zip/5942629142.html
2017-01-02 13:27,"free couch, tv, full bed",/zip/5942478460.html
2017-01-02 13:23,curb alert,/zip/5942471659.html
2017-01-02 10:11,"KITCHEN CABINETS, STOVE, SINK FAUCET",/zip/5942124863.html
2017-01-02 09:09,Car Seats,/zip/5942017706.html
2017-01-02 05:01,Perfect Condition Truck Topper,/zip/5941770828.html
2017-01-01 16:19,Calico cat needs home,/zip/5941332404.html
2017-01-01 13:01,boxes,/zip/5941113738.html
2017-01-01 09:15,Styrofoam  Coolers,/zip/5940863533.html
2016-12-31 14:23,Free items in alley,/zip/5940300342.html
2016-12-31 13:17,Free Furniture,/zip/5939058509.html
2016-12-31 12:13,telex cassette recorder,/zip/5940148910.html
2016-12-31 10:32,Free Set of Workout Cards,/zip/5940019128.html
2016-12-31 09:16,Whirlpool dishwasher,/zip/5939920830.html
2016-12-30 15:57,Boxes,/zip/5939281354.html
2016-12-30 13:44,"Free Big Screen 46"" TV",/zip/5939105015.html
2016-12-30 11:45,Free Egg Cartons,/zip/5925729767.html
2016-12-30 09:02,Table with leaf,/zip/5938661237.html
2016-12-29 18:38,Free TV- NW Loveland,/zip/5938131017.html
2016-12-29 15:22,Free Gas Dryer,/zip/5937907351.html
2016-12-29 11:42,Free Wooden chest/footlocker,/zip/5937561948.html
2016-12-29 11:02,shutters,/zip/5937492823.html
2016-12-29 05:00,FREE HOT TUB,/zip/5937051084.html
2016-12-28 20:35,Winter & Company Piano,/zip/5936844776.html
2016-12-28 19:20,Free couch shelves,/zip/5936782356.html
2016-12-28 17:12,Nice Couch and Recliner Must Go Tomorrow 12/29,/zip/5936651475.html
2016-12-28 16:20,free artificial Christmas tree,/zip/5936590452.html
2016-12-28 14:48,Graco SnugRide Car Seat Base,/zip/5936464473.html
2016-12-28 12:00,free washer/ tv/ grill etc.,/zip/5936193757.html
2016-12-27 19:56,Old Tires,/zip/5935396641.html
2016-12-27 19:14,RCA Console TV,/zip/5909438976.html
2016-12-27 14:27,Girls bike with training wheels and crib mattress,/zip/5935010474.html
2016-12-27 14:17,FREE DRYWALL CORNERS/TRIM,/zip/5934996360.html
2016-12-27 12:35,Free: 3'x3' anti-fatigue rubber mat,/zip/5934834358.html
2016-12-27 12:02,FREE**Ballet Dance Classes ages 5-11,/zip/5934778105.html
2016-12-26 21:47,Free exercise ball and treadmill needs tlc,/zip/5934075366.html
2016-12-26 19:30,Secinal Couch,/zip/5933975164.html
2016-12-26 15:42,Free tv,/zip/5933748663.html
2016-12-26 14:32,Entertainment center,/zip/5933662518.html
2016-12-26 14:23,Gas Grill,/zip/5933650233.html
2016-12-26 14:02,Rainbow playset,/zip/5933623038.html
2016-12-26 13:44,10 gallon aquarium,/zip/5933598548.html
2016-12-26 10:29,Free Appliance Removal,/zip/5927197232.html
2016-12-26 10:28,Secinal Couch,/zip/5933312360.html
2016-12-25 19:37,Free cat scratcher,/zip/5932802688.html
2016-12-25 15:49,Pool table/ping pong table,/zip/5932682585.html
2016-12-25 13:11,Egg Cartons,/zip/5932589645.html
2016-12-25 10:24,Small cooler container in cardboard box,/zip/5919641089.html
2016-12-25 10:18,"BOXES, PACKING/SHIPPING MATERIALS, PADDED & MANILA ENVELOPES, MORE",/zip/5930083220.html
2016-12-25 08:59,Free Kenmore Stand Up Freezer - Not Working,/zip/5932434161.html
2016-12-24 19:33,free Christmas trees,/zip/5932174593.html
2016-12-24 19:10,"free leather sofa And loveseat ,",/zip/5909890649.html
2016-12-24 19:05,Christmas Trees,/zip/5899590880.html
2016-12-24 14:07,Queen box spring,/zip/5932002399.html
2016-12-24 09:06,Free tv,/zip/5931727501.html
2016-12-24 08:36,Fresh Christmas Trees to Donate to Families in Need!ðŸŽ„,/zip/5931677893.html
2016-12-24 07:36,Free stove and recliner,/zip/5931648204.html
2016-12-24 06:16,End tables,/zip/5931596139.html
2016-12-23 20:21,free firewood,/zip/5931382227.html
2016-12-23 19:53,Free Christmas tree,/zip/5931365297.html
2016-12-23 17:10,Free Scrap Hot Water Heater,/zip/5931251098.html
2016-12-23 14:23,Free chair,/zip/5931089044.html
2016-12-23 14:04,Pallets,/zip/5930901560.html
2016-12-22 20:27,Printer,/zip/5930255966.html
2016-12-22 14:00,in home gym,/zip/5929877739.html
2016-12-21 20:03,Moving free !!!!!! Couch and entertainment center and dresser,/zip/5928995952.html
2016-12-21 13:56,Free corn stalks,/zip/5928605460.html
2016-12-21 12:50,Free tv,/zip/5928511515.html
2016-12-20 15:24,Moving boxes,/zip/5927400832.html
2016-12-20 14:12,free canvas stretcher bars,/zip/5927302036.html
2016-12-20 11:27,Two Styrofoam Coolers,/zip/5927048172.html
2016-12-20 05:47,Free artificial Christmas tree,/zip/5926590428.html
2016-12-19 20:58,Free TV,/zip/5926371238.html
2016-12-19 17:51,2 small trailer tires and a crismas tre.,/zip/5926203373.html
2016-12-19 11:17,scrap metal,/zip/5925650055.html
2016-12-19 09:20,Wooden Outdoor chair & side table,/zip/5886983783.html
2016-12-18 16:13,Red couch and matching loveseat,/zip/5924744444.html
2016-12-18 13:45,ROLLING STORAGE CART,/zip/5924571884.html
2016-12-18 08:28,FREE Sectional Couch,/zip/5924170567.html
2016-12-17 19:19,FREE 9-drawer Dresser,/zip/5923779428.html
2016-12-17 12:43,TV entertainment center,/zip/5923343100.html
2016-12-16 11:45,Free furniture,/zip/5921951793.html
2016-12-16 07:34,Moving Boxes and Packing Paper,/zip/5921573431.html
2016-12-15 22:10,curb alert,/zip/5918060378.html
2016-12-15 17:04,Couch FREE!,/zip/5921066070.html
2016-12-15 12:33,Free Chair,/zip/5920700774.html
2016-12-14 20:04,Moving boxes and supplies,/zip/5919898437.html
2016-12-14 15:02,free couch and chair,/zip/5919574239.html
2016-12-14 12:57,Free cottonwood,/zip/5905114633.html
2016-12-14 12:19,FREE Hundreds of Overheads,/zip/5889618595.html
2016-12-14 11:17,Moving boxes - free.,/zip/5919225146.html
2016-12-14 10:10,Free fish tanks,/zip/5919109470.html
2016-12-14 10:04,"accepting fill dirt, small rock and more",/zip/5891677851.html
2016-12-14 10:00,"Curb alert free TV's 32"" 13 of them",/zip/5919092680.html
2016-12-14 09:01,Designer Fabric Office Chair,/zip/5918994311.html
2016-12-13 18:59,Pine Needles,/zip/5907979068.html
2016-12-13 16:45,Pedro's bike pump (not working),/zip/5883915645.html
2016-12-13 11:05,FREE ENTERTAINMENT SYSTEM AND TV,/zip/5875157008.html
2016-12-12 15:30,Moving Boxes,/zip/5916763360.html
2016-12-12 14:25,FREE COUCH NEAR CAMPUS,/zip/5916664708.html
2016-12-12 13:08,Short bed liner,/zip/5916539610.html
2016-12-12 12:35,free couch,/zip/5906859242.html
